ID,coppaRisk
2807,0.07390433
1742,0.5613932
806,0.6687104
2635,0.40790045
9047,0.078883104
3048,0.015839957
4691,0.75959533
1346,0.56932104
7045,0.0122148795
958,0.65891343
331,0.026072858
1680,0.5010238
7086,0.02203004
1699,0.46638212
8360,0.01917172
5846,0.04560186
8630,0.0909178
8723,0.77977014
6489,0.1940222
8746,0.69120926
7155,0.07459303
1253,0.60725754
8529,0.7764822
2154,0.07455681
1643,0.693882
1543,0.67777306
2560,0.0284251
3083,0.16067135
1631,0.047951292
4456,0.09550176
8915,0.6228836
3411,0.059179753
1062,0.5036853
6219,0.13464828
3621,0.076939784
3874,0.07675703
5246,0.08964948
8130,0.10730436
8776,0.7855133
7012,0.5968054
5252,0.64387655
2577,0.51857483
1138,0.6572017
4404,0.6561503
6996,0.03046572
3530,0.4852824
9679,0.44802275
6482,0.07978858
74,0.037039973
7103,0.0133840125
1483,0.57321405
6244,0.03616322
1184,0.7069288
8362,0.029956894
3503,0.03673158
4665,0.64282167
439,0.048177905
733,0.55964816
1308,0.5647359
286,0.77666837
7345,0.03370269
7662,0.019804103
7063,0.07205996
1492,0.03581659
957,0.6212232
963,0.44697267
6499,0.03095599
7530,0.052878037
541,0.6484054
3020,0.020784738
8213,0.06991689
72,0.05834808
2427,0.054291666
4038,0.40000686
1781,0.08555767
4085,0.07695327
4390,0.03027374
9295,0.042154428
6324,0.05092986
4899,0.57101464
1359,0.5125169
8024,0.022904402
8558,0.6544354
8709,0.82995176
9947,0.7149021
3864,0.13510045
7484,0.6863319
2251,0.5174238
1920,0.76798326
6142,0.050078485
8969,0.13123551
2782,0.05697567
7214,0.029791007
2397,0.15251468
7631,0.035369832
3086,0.052130442
8316,0.020996425
2528,0.1442674
3286,0.016449958
2901,0.67643607
956,0.7168635
726,0.47661126
3308,0.2257937
9913,0.03636501
6432,0.07604901
2521,0.06440012
4536,0.07408363
6431,0.5367335
419,0.0830066
5206,0.11888806
5329,0.036077585
9568,0.022157444
1020,0.6412798
8027,0.07404618
7687,0.04822154
5545,0.018619515
6319,0.08240669
9068,0.023723876
5499,0.063680515
4807,0.7458658
7757,0.072458625
3271,0.12084083
4166,0.019089716
5230,0.081068635
3689,0.02564155
5288,0.11727708
1917,0.6324436
1027,0.5340597
3158,0.05604631
8177,0.033227734
3958,0.02177982
3291,0.065156154
6349,0.09143036
7727,0.12453991
4890,0.06488252
8519,0.49528193
9897,0.2897624
5278,0.5928349
4724,0.667314
3815,0.021007832
7588,0.10559034
1506,0.38440707
8318,0.0375409
5530,0.02749071
1748,0.40456823
152,0.5122527
3423,0.02156404
4629,0.035107456
6390,0.077524066
1566,0.5443803
6716,0.030800894
3603,0.4764014
2806,0.5930818
1037,0.6396988
8627,0.67648065
155,0.11023526
8193,0.030959124
8259,0.79155046
2837,0.07926884
2069,0.7881914
529,0.03505717
1493,0.2781209
5773,0.08794574
3949,0.05038372
1805,0.69791776
7151,0.022053223
3237,0.11638169
7902,0.019184269
7865,0.07206386
1565,0.7334797
1904,0.52835786
3792,0.05939674
1151,0.67335665
9660,0.47512358
4563,0.11058493
2218,0.055741943
9092,0.5351325
8336,0.04729721
3157,0.6405595
1795,0.61310256
4644,0.039368372
8001,0.023710486
7359,0.057923395
7258,0.063680515
8585,0.52647233
2182,0.056906585
9021,0.068829425
6348,0.023041183
9027,0.06340607
1652,0.10519195
9059,0.07841939
6774,0.053335693
5026,0.62030524
5919,0.05623351
5195,0.5070154
3832,0.41902068
7418,0.015207241
4015,0.4764014
1388,0.67784977
4122,0.47096917
5217,0.39354727
7906,0.02060762
6742,0.649786
7574,0.0751931
1404,0.5165586
9531,0.102818735
6866,0.06548387
2158,0.1074185
9256,0.06491915
2130,0.7288301
9852,0.39910868
2581,0.06327851
5095,0.4985066
7837,0.030449387
9912,0.5481906
7827,0.061361995
3382,0.05305394
5551,0.093696326
9875,0.040382046
4491,0.40367877
3720,0.08176532
9909,0.044159375
1892,0.7118645
9505,0.37418336
4019,0.05707023
8826,0.8125311
3178,0.041545395
9188,0.5626873
4855,0.026428396
420,0.05486412
3270,0.04441195
1725,0.77771276
2815,0.61869276
1850,0.7757964
7186,0.057333685
7770,0.07370079
378,0.5066178
5498,0.49234554
1409,0.08353067
9685,0.07774632
575,0.07925381
8762,0.7426451
3836,0.5274424
7936,0.02043371
7017,0.041452143
2518,0.040028278
7733,0.67888486
2702,0.06404362
8925,0.02107936
8461,0.6869323
4134,0.21848118
6197,0.027180709
5231,0.045045972
2507,0.07198497
2921,0.099234685
7851,0.04449688
4128,0.033258323
519,0.034167957
4964,0.03524805
2818,0.024854103
3441,0.6175419
2488,0.05616554
1382,0.54067546
2583,0.52760756
6631,0.028811181
7112,0.041680433
2018,0.7151522
2505,0.021682171
5149,0.14932026
9814,0.01780474
2243,0.027910534
5953,0.052130442
629,0.033803426
3079,0.020784738
3639,0.026390579
7790,0.06789142
6174,0.0529756
8953,0.035605576
6087,0.05623351
9765,0.020350527
3943,0.029420666
4130,0.075455934
2213,0.03455563
8386,0.61869276
8850,0.26407436
1046,0.4981748
7556,0.04516136
4650,0.57278633
7170,0.08884322
8751,0.7723606
5889,0.06292447
3823,0.04822154
2160,0.55292284
6426,0.05365443
9475,0.025773713
4245,0.078365594
9726,0.4386916
3367,0.028048564
769,0.70784515
7456,0.072059035
2312,0.020621639
5245,0.07551237
3348,0.42851964
7720,0.08710799
8459,0.66377246
1257,0.62678695
2331,0.7611041
1185,0.7124053
5840,0.02276162
2828,0.057576705
1853,0.49792024
5988,0.07118518
5973,0.121844985
9271,0.11358573
3599,0.027466698
6457,0.06391853
930,0.08972481
4633,0.120622195
8192,0.02170858
8149,0.07175396
6723,0.57634544
9659,0.028672004
1538,0.33022445
5915,0.051593177
3571,0.33322388
4049,0.017907463
3672,0.6092276
2257,0.028876549
4744,0.03513365
8708,0.64827347
8162,0.13208842
9327,0.04744742
9896,0.07328254
7340,0.07615856
8743,0.7605825
1016,0.5361728
8717,0.57634544
6767,0.056510217
5500,0.040801622
8237,0.022073394
9012,0.08467104
7828,0.025756748
6025,0.048082307
5608,0.05368005
6993,0.059234045
6301,0.050009154
6615,0.08688628
7427,0.059653874
979,0.46026462
3416,0.01892164
9977,0.5739553
9706,0.03838394
4920,0.44024104
9582,0.55212164
5933,0.03293832
4672,0.11182614
716,0.66135657
3940,0.026988875
6893,0.030099133
3092,0.5377253
2919,0.084540166
6544,0.030569332
7613,0.035206616
2131,0.67116314
1790,0.52924293
2304,0.03367665
6530,0.026631646
5839,0.073345535
13,0.6842689
353,0.103232175
6704,0.035208344
4774,0.5792192
6370,0.020174567
2639,0.03499858
5297,0.06772416
6396,0.5293796
1377,0.58922005
5058,0.04610171
4740,0.03604184
881,0.6504471
7102,0.03445225
2437,0.5437324
2598,0.07281595
5249,0.069021806
5548,0.023296453
5331,0.031984046
4796,0.6321649
8168,0.06644901
2256,0.61990815
2025,0.56681204
2281,0.5295918
9980,0.47982562
2954,0.44396496
6853,0.0408466
9684,0.44612747
1885,0.68789035
2171,0.037346665
1831,0.75870496
1077,0.48943937
9591,0.05575373
8032,0.021247873
6394,0.028811181
7310,0.059072666
8101,0.2036294
2,0.0487861
6104,0.12056899
380,0.04659929
6408,0.1934313
9719,0.06556263
6137,0.022312434
7587,0.05475778
7866,0.095509395
6328,0.020032594
7756,0.05342476
7655,0.18807371
212,0.04138329
8596,0.64654666
9887,0.06655649
6682,0.06104508
4176,0.49234554
700,0.65148664
6543,0.080606654
6229,0.051576987
7559,0.038406502
2015,0.66560566
2493,0.07106312
5655,0.044020206
6931,0.53825307
7868,0.06785559
7759,0.39991662
3806,0.40136358
6731,0.49560967
2529,0.062097814
3400,0.090334035
654,0.69064015
1792,0.6368247
5977,0.14247158
3343,0.061782423
2477,0.5881398
3790,0.49014935
4634,0.110075645
1058,0.7189669
1820,0.7702485
250,0.10977637
1727,0.7449455
7900,0.05756099
4499,0.027434796
9118,0.06685395
5380,0.021517616
6083,0.05567281
6063,0.09664598
6519,0.06953909
2482,0.051853918
3166,0.46119764
3933,0.10776844
66,0.04842666
8593,0.58878857
5171,0.114393234
9479,0.4854929
6243,0.024361303
5665,0.0801673
2016,0.7292042
2556,0.6178045
6325,0.09900005
5411,0.032799874
7420,0.020979783
8427,0.6248152
5020,0.028048564
1066,0.62681806
7396,0.06992608
6955,0.06558728
2949,0.108750805
5039,0.4153581
8436,0.57924604
2396,0.08630928
5068,0.08150076
3838,0.026586672
7809,0.045759812
3749,0.020032594
8668,0.46846735
1789,0.72888637
8913,0.082241006
4163,0.02151184
1561,0.4935345
1649,0.5203268
9941,0.10029556
6815,0.028811181
9069,0.42273057
4087,0.046979997
6491,0.026385747
9518,0.49482
3501,0.020929858
8911,0.041492194
6675,0.01917172
3422,0.054887388
7661,0.09760602
2032,0.7544947
2209,0.5437324
1819,0.71788025
9752,0.043036427
891,0.49560475
4673,0.495313
810,0.49576995
9717,0.3604524
4987,0.49466684
1201,0.5009693
3397,0.055337317
1848,0.7446703
8905,0.41105685
326,0.6924649
8069,0.07125853
2988,0.065326415
5862,0.40994093
6749,0.056488372
2045,0.75711405
424,0.19366372
1694,0.40589345
6823,0.053335693
2941,0.024970913
7417,0.029351786
8728,0.4235839
624,0.04462373
205,0.047328074
1009,0.61526936
1239,0.5828452
9689,0.34242877
6016,0.059179753
2712,0.012295429
1627,0.06704155
3487,0.4852824
7991,0.06858597
4194,0.013715584
3544,0.05173707
3194,0.5169149
3827,0.030248292
8497,0.7360359
4089,0.04788669
6563,0.06215427
2986,0.09733217
2872,0.6782554
8025,0.47742808
4792,0.662177
3406,0.02096059
3187,0.048060153
1089,0.49375156
2895,0.066255875
9946,0.43171543
5957,0.02177982
4375,0.50979775
4747,0.1809049
2105,0.68673724
2774,0.052133173
1053,0.6647084
1603,0.2816377
7338,0.030073412
4483,0.06906852
1844,0.77582014
7503,0.13633202
2874,0.62299335
8603,0.52065533
8369,0.097278304
3757,0.04842251
7760,0.5382243
2210,0.0665562
9039,0.06481936
4923,0.07657679
409,0.525308
3604,0.4725264
2645,0.030609237
7930,0.019089716
6789,0.5937623
77,0.024431385
4906,0.5835755
1743,0.40986747
5172,0.120498165
8030,0.12147191
666,0.71326053
6435,0.06953909
6940,0.051576987
5552,0.52727705
4537,0.33997637
7061,0.060266215
7092,0.022053577
4891,0.041365653
2726,0.061231703
9965,0.6156819
3535,0.082942195
6220,0.024703205
3299,0.03295032
2891,0.030593155
5924,0.019089716
3676,0.07025576
3504,0.3954125
3624,0.04842251
1674,0.6284127
4968,0.028646512
8763,0.7668384
9861,0.07625661
2367,0.055984206
4257,0.06598403
7576,0.05575444
4370,0.67508906
752,0.74936604
535,0.086069316
4758,0.6114411
2650,0.032426592
9695,0.043036427
4045,0.49559948
3011,0.055741943
355,0.7376939
6926,0.07248888
1556,0.278228
4223,0.019089716
2922,0.09909867
1512,0.6500827
9546,0.024238098
4990,0.42494017
6803,0.07788698
1372,0.61962277
7445,0.02870878
554,0.2983709
4777,0.2129883
299,0.11921756
7594,0.4409132
6506,0.063680515
8885,0.06670852
7281,0.028719844
9881,0.57790494
6224,0.024227364
6821,0.4852824
6916,0.81533116
1042,0.6788607
4465,0.8086429
2594,0.5437324
1918,0.6595006
8577,0.49264783
5897,0.093359835
6867,0.39354727
1268,0.50873476
2447,0.51983434
801,0.4744369
1985,0.7203549
6782,0.5027655
8216,0.095185615
7313,0.032665472
7899,0.08166579
3208,0.41192344
4646,0.640216
4300,0.049643166
528,0.052692786
8223,0.06806848
728,0.51968324
4666,0.13429348
9276,0.10257829
9701,0.5739553
2416,0.09718614
5628,0.56884575
8827,0.79350245
9818,0.051590856
1796,0.72253495
1321,0.790759
5300,0.078243166
2490,0.02870878
6680,0.07670484
9589,0.1959214
6466,0.04950679
3119,0.029882872
4706,0.50515026
4635,0.052926105
5799,0.026407694
2694,0.057616036
4149,0.6518255
1497,0.03689369
608,0.49743325
9197,0.06491915
1650,0.03035811
2616,0.56666154
8399,0.6747618
7754,0.49675792
1369,0.04287071
5790,0.10753672
5089,0.2594292
3278,0.086540185
3774,0.4236723
7364,0.1848522
4942,0.39874813
4887,0.7668384
1446,0.08899223
8265,0.025325615
432,0.04743393
7732,0.05181102
1293,0.42579222
6433,0.06959015
3670,0.046014152
6418,0.08401377
3215,0.085566536
2135,0.6690556
8551,0.6395048
7738,0.09664598
3923,0.4168868
4944,0.5739062
2890,0.5976427
8712,0.7683549
6637,0.053062316
8611,0.5892483
9083,0.05164432
8105,0.037844457
4590,0.4109383
5,0.053497624
4869,0.06442814
2374,0.22348286
8021,0.011927064
5814,0.02528032
3112,0.03505919
8532,0.51455516
9057,0.013850961
7482,0.0362918
1090,0.7910711
527,0.19018099
5503,0.024854103
1722,0.38847792
6552,0.07293714
2315,0.07272914
5314,0.033733025
2342,0.8323425
5937,0.04130686
1287,0.7446654
6841,0.020118566
1,0.6716215
4008,0.21848118
6569,0.57634544
7957,0.023157457
3740,0.4434496
1355,0.76475835
4315,0.6585094
7686,0.06905453
2769,0.14257173
669,0.61921555
4070,0.012248202
377,0.085085586
113,0.20323773
2424,0.029882872
7435,0.34423828
2155,0.05208403
4341,0.031396978
2479,0.05616554
414,0.04808925
3108,0.08223268
3370,0.08402556
3128,0.07727759
9862,0.05258831
2659,0.693478
4793,0.05747393
1353,0.7656422
4377,0.49219117
5091,0.11182455
3957,0.53204256
9359,0.050600175
3947,0.08953136
5526,0.02882733
8731,0.543206
4160,0.02962446
7789,0.09641401
615,0.0854598
730,0.12127852
5128,0.07937988
9633,0.5865586
8563,0.49560475
4430,0.08928314
5563,0.026208425
8034,0.079020984
4091,0.077792384
674,0.72542256
8530,0.74516046
8397,0.065326415
1166,0.73378927
3980,0.582222
636,0.68400973
5490,0.5096827
5416,0.055741943
3180,0.043744236
4259,0.5745039
2456,0.38994196
8252,0.08259679
178,0.03269099
7049,0.027414007
6719,0.10110126
7184,0.060358744
1025,0.09639399
2494,0.2430411
4056,0.108385235
6937,0.051576987
560,0.81614584
2555,0.0736429
6258,0.05894207
8211,0.049895566
3071,0.5214513
8345,0.08597405
4349,0.3619574
766,0.63305193
8571,0.49463198
1916,0.6820342
469,0.08058268
1049,0.5409249
4571,0.035054628
9325,0.43619114
6974,0.068986826
6047,0.5954217
7549,0.03843454
762,0.55549407
6611,0.03915918
7074,0.023172162
5262,0.6564735
9484,0.066281736
1083,0.47721672
2497,0.040502485
94,0.0355312
8862,0.0890472
6214,0.2705703
8325,0.44248942
517,0.04273544
2394,0.066265285
9976,0.43390292
873,0.5149493
6752,0.10199272
1845,0.7066534
530,0.4432684
4866,0.0842274
8061,0.6452961
4710,0.7137615
2590,0.6178045
589,0.5496356
7451,0.050401777
1932,0.47485608
2783,0.013772567
706,0.6167042
5063,0.04798903
6072,0.05368005
6066,0.040513713
9284,0.031131577
8781,0.76631296
8641,0.7306942
5253,0.038807616
7010,0.06412096
7637,0.5064866
489,0.056989722
7324,0.018754102
9321,0.16526817
3004,0.06348707
5420,0.11786587
7371,0.057923395
4101,0.027685445
6008,0.4852824
5117,0.07229256
1467,0.60113204
8095,0.07720508
3714,0.5967257
2637,0.18835655
2107,0.6985221
870,0.6310995
703,0.7192801
1305,0.7571978
4928,0.6435628
6369,0.07157985
3452,0.056510217
2958,0.51195526
4360,0.023296453
105,0.63633573
407,0.2170456
8131,0.030874068
6179,0.47489855
2855,0.030838592
2640,0.46682838
714,0.70010346
3899,0.08371933
1784,0.6523272
3679,0.091843665
5703,0.6142401
6398,0.6906529
1710,0.5531691
1064,0.77782553
3866,0.42131317
3891,0.46846735
8390,0.068992905
5423,0.0819982
8875,0.029321602
9784,0.017367404
2012,0.52815115
8754,0.08134689
9772,0.112028785
5286,0.07886697
2584,0.23377943
3007,0.097580425
5767,0.07633231
9421,0.017292978
8333,0.49906832
9558,0.056518465
6249,0.029614734
3627,0.025372978
9225,0.6025727
5605,0.018619515
8994,0.028664868
4028,0.028271811
9787,0.4770382
3185,0.54423577
1934,0.6334201
1926,0.72665817
4461,0.06345491
3385,0.056050815
6360,0.0809357
5373,0.10653999
4195,0.57924604
4120,0.036016684
5650,0.48251453
9705,0.093392655
2093,0.61441034
3903,0.020922506
852,0.5571271
4110,0.019089716
4690,0.5991634
2151,0.05659277
5183,0.03358436
739,0.6018219
7835,0.07862844
9791,0.49898687
8841,0.47035208
6818,0.39767978
4044,0.0796592
9372,0.49087453
9299,0.11140473
3896,0.07459347
410,0.20965518
3738,0.3975569
8909,0.055449247
3908,0.5973867
6364,0.49234554
6659,0.0658872
3009,0.041186772
4203,0.40136358
1771,0.65432626
9762,0.019715773
9766,0.55611014
8859,0.075515755
8442,0.4828436
9428,0.48440132
1624,0.24334408
5182,0.06327518
8310,0.5676079
1663,0.5574639
1168,0.679068
9694,0.57283545
9824,0.043036427
473,0.07457608
1169,0.70675653
9906,0.08003619
6725,0.57634544
8791,0.5730214
7183,0.043459978
3383,0.6591899
3462,0.10110126
8639,0.59352267
217,0.032104164
7488,0.06445712
5427,0.7466933
7428,0.073765114
5990,0.074292354
1763,0.6905091
8834,0.5909749
9530,0.06508683
3358,0.4852824
27,0.025927246
8253,0.48035926
321,0.18975875
5868,0.071892664
1119,0.69823974
3626,0.53025573
7806,0.035100237
6633,0.394207
459,0.105788596
3361,0.41996834
4484,0.021912921
9607,0.56417346
2652,0.6254111
9757,0.07841853
6977,0.05692788
4172,0.07495584
3747,0.06365476
9398,0.01760345
6051,0.020172454
2322,0.03367945
1161,0.558036
829,0.4120152
634,0.09199649
8889,0.12658297
8484,0.6426874
4372,0.58784634
7774,0.02536221
3240,0.052130442
3044,0.065156154
1855,0.6884635
5130,0.3954125
8405,0.73949206
9739,0.06410154
2334,0.017380606
8858,0.029282775
3255,0.06713011
6712,0.019184269
2926,0.033314206
4736,0.56081307
9269,0.6060211
820,0.5665574
7374,0.14047718
3964,0.5733003
1162,0.7768736
5684,0.07626834
7078,0.05488262
557,0.123944305
7491,0.032795843
317,0.6482431
8783,0.7825785
9878,0.068851516
551,0.09921514
1793,0.09702783
929,0.5064644
1833,0.79192275
4112,0.51211566
3051,0.448182
5619,0.6576736
1901,0.6615769
3177,0.07904076
422,0.80446786
7357,0.041680433
6118,0.11704779
8960,0.046483967
6043,0.51126814
8581,0.67529774
9340,0.025470177
3405,0.03134706
2487,0.063092925
7901,0.042157356
9905,0.095702045
3164,0.0791274
1092,0.6592193
6888,0.07461143
8608,0.48235446
259,0.46481174
3739,0.59496903
8017,0.4251456
4323,0.59732
3264,0.029948372
2172,0.5673064
924,0.12142792
7643,0.039380908
8615,0.5728006
5762,0.049759388
8132,0.020032594
5886,0.05012497
5744,0.08955558
1348,0.6271501
1485,0.71331066
4433,0.12635641
552,0.1065251
895,0.5352813
9502,0.35929012
2951,0.037582953
9756,0.097554795
5215,0.029944154
3637,0.093359835
8642,0.72960544
7761,0.06237241
6529,0.022486271
309,0.08697531
8136,0.6421095
3425,0.027637688
1368,0.040949963
2049,0.77232957
342,0.09553317
1107,0.7543997
9742,0.55611014
2717,0.05756099
1981,0.72408223
9067,0.55080837
1896,0.50363564
2197,0.05609502
6605,0.06992776
4222,0.14769971
5150,0.030870985
5199,0.022640904
6924,0.038877178
7020,0.02882355
4589,0.40306258
4626,0.25252736
5323,0.64610606
148,0.05507107
53,0.21570614
2088,0.73209786
9303,0.07153188
5855,0.055337317
7219,0.028562628
387,0.6875129
5158,0.079580635
5316,0.6220331
4582,0.59397364
8275,0.049978063
11,0.27830938
7538,0.08642317
6444,0.13217513
1569,0.54929614
2501,0.061375607
8713,0.52605456
5120,0.5892483
7469,0.059104618
6471,0.0787883
9243,0.5856182
3841,0.051638942
3073,0.030762821
2433,0.12015014
1830,0.70612967
6413,0.05597429
1542,0.23592092
481,0.115045756
1597,0.7187358
240,0.5336715
3476,0.021517616
1103,0.748207
6630,0.11081732
332,0.5091632
9843,0.06508683
7213,0.035976253
2400,0.66799265
3540,0.09867845
4902,0.093359835
5401,0.04822154
3277,0.065156154
5479,0.030870985
732,0.10453103
9780,0.051835578
1087,0.4712427
4808,0.051576987
1223,0.4404191
2496,0.44692063
1389,0.6566609
6550,0.03312868
5525,0.063680515
3588,0.021941371
8796,0.7611041
2444,0.0441217
9184,0.10263118
1335,0.14764228
2119,0.6936105
5334,0.089425094
8055,0.61852753
8600,0.63757163
2380,0.05697567
9471,0.08481212
5625,0.16943496
8401,0.61631453
7384,0.029513206
5687,0.037963156
3648,0.026407694
6207,0.05623351
5184,0.07882499
3633,0.50230414
2948,0.0724398
6730,0.055285793
8007,0.051495597
7144,0.027076349
4399,0.06882579
5966,0.035847425
5734,0.02170858
8022,0.039738085
2848,0.037036147
9028,0.040958785
6760,0.42365313
1393,0.6769734
1688,0.7005685
5391,0.029444987
2880,0.021709153
3451,0.57634544
3728,0.028291302
2627,0.08117045
995,0.5640651
1634,0.14560933
7413,0.8323425
3121,0.015424472
819,0.4711146
2285,0.046867725
6150,0.062452264
7124,0.06248689
2360,0.022471681
3883,0.057225853
5282,0.0895038
1419,0.63228846
390,0.045412995
1427,0.17153007
3279,0.049817853
8800,0.68118435
2603,0.5262583
1767,0.71905
9506,0.4164457
9925,0.6156819
3338,0.59613425
131,0.020933444
9911,0.052918658
1995,0.7566292
4978,0.054937486
3686,0.1337356
228,0.46704566
8102,0.2043097
2936,0.027746739
1332,0.7874104
2443,0.11118359
7087,0.055846244
7351,0.06713011
5256,0.09111266
9453,0.08646606
9422,0.40062284
2666,0.16217664
7872,0.05939674
1628,0.13098708
981,0.7129116
4041,0.49316382
643,0.7326968
8282,0.038383193
898,0.5211316
162,0.61666816
1111,0.6918302
8559,0.6629526
7561,0.021516077
6238,0.0881772
7522,0.047484644
8688,0.55307496
8525,0.3954125
9334,0.42862377
917,0.7119452
442,0.09926205
9033,0.56154984
2348,0.06957501
356,0.6858712
9167,0.04728668
8678,0.7611041
204,0.45961207
6201,0.019089716
4290,0.04822154
471,0.030500686
6943,0.08473721
659,0.6163342
9687,0.42985982
3955,0.08883589
5679,0.022407755
1987,0.7001406
9052,0.5910839
4406,0.0527679
5016,0.02603013
5597,0.02161454
9373,0.07150684
4031,0.05240285
9950,0.7149021
406,0.09350292
5696,0.09750071
4301,0.09419805
222,0.5549163
2523,0.09602635
9521,0.023117255
5896,0.06812799
4173,0.5666827
6886,0.073917374
3247,0.10859307
5853,0.020400196
8064,0.017643893
9438,0.017269868
7887,0.04850582
1342,0.10606508
1370,0.71142
1091,0.6783485
64,0.04940004
5179,0.8108218
8664,0.6658924
7047,0.025058603
3183,0.037629515
8460,0.7787061
1086,0.03945317
4843,0.056510217
4991,0.09900005
140,0.1331529
6007,0.025436338
1228,0.6836134
7391,0.041680433
8258,0.5366566
7246,0.020532122
3221,0.04516136
7316,0.04962497
186,0.09753181
4171,0.36071286
1626,0.07778876
3663,0.08016394
3680,0.019089716
4943,0.03321326
3953,0.024249785
5586,0.04842251
6253,0.0605538
7583,0.026459951
2992,0.0329021
4837,0.035055492
3741,0.031111624
9015,0.042293098
1210,0.59033704
3546,0.06934441
169,0.09568232
7782,0.02028018
4016,0.028048564
8190,0.049837448
5781,0.112345226
9241,0.07728431
8220,0.05909065
3602,0.05337492
2495,0.36819968
3848,0.60172325
2553,0.044430003
9597,0.49918267
4480,0.02315703
2364,0.02771263
507,0.69639224
3142,0.034538984
853,0.09993214
8509,0.10547883
1598,0.68334645
5562,0.60118777
2595,0.06404362
4261,0.7927436
3129,0.052699104
2474,0.035857752
8121,0.019431805
831,0.6836164
5795,0.08386512
4470,0.07472255
5280,0.018043026
6525,0.7619383
7297,0.038110953
953,0.5540189
3322,0.052538775
5738,0.05557793
7960,0.023284143
5269,0.022920512
1054,0.58759093
4026,0.49560475
3557,0.4852824
7973,0.47742808
7185,0.058264025
3318,0.08096891
3475,0.086220674
4658,0.39283547
496,0.03461914
4295,0.64019805
3408,0.054697677
239,0.6549256
8273,0.02170858
7751,0.06906852
344,0.09847726
2937,0.02170858
6105,0.09760602
1782,0.05206658
7328,0.07056449
7169,0.6163738
875,0.5438905
4655,0.7173087
1031,0.6517425
4715,0.50939864
2163,0.043223288
3015,0.065156154
3973,0.034094702
4526,0.34007072
8974,0.036988456
7339,0.33131146
5669,0.0397661
7773,0.082377076
1687,0.07687462
672,0.55028975
8552,0.59518987
4330,0.07785508
7736,0.07433113
1430,0.22332083
2651,0.02442768
1021,0.6932755
3345,0.05179917
5235,0.037388723
2300,0.09564328
6814,0.06767009
8052,0.072843544
534,0.76519865
3046,0.034015957
571,0.7080906
5629,0.024177346
7654,0.016881753
4297,0.025030809
5636,0.049579315
2103,0.6919688
5351,0.0806954
6306,0.5728006
2736,0.057923395
3594,0.52647233
988,0.14884253
871,0.65441215
3366,0.49167138
8631,0.46611893
6015,0.46846735
2647,0.03046502
1587,0.76383823
7259,0.05642065
6122,0.08848358
7539,0.088877715
9882,0.024854241
4347,0.040213622
4337,0.12280245
9874,0.43390292
3493,0.049579315
4729,0.19549654
5393,0.059653874
9091,0.69008225
699,0.70755476
3782,0.04822154
8371,0.0996908
7474,0.057410073
5748,0.6305038
1399,0.71462816
7352,0.07288709
5752,0.059619796
7743,0.051593177
6092,0.07018047
4251,0.57539004
8996,0.05021367
6586,0.06808889
7146,0.06776482
7653,0.07039085
6739,0.40994093
2094,0.60867757
2007,0.6703297
4877,0.020032594
5112,0.022556124
9937,0.5350086
4515,0.17332222
4074,0.09382571
816,0.4505552
9879,0.42985982
9300,0.06922459
540,0.047956403
8725,0.77571183
6485,0.051576987
389,0.02661221
9207,0.04116832
2916,0.033533573
8098,0.45596465
7085,0.057191685
6795,0.056510217
1489,0.4702009
1884,0.75557166
5320,0.68710756
4895,0.060096074
7390,0.07380332
4080,0.03222455
9549,0.07672737
4445,0.030647514
4082,0.021516077
6317,0.56615144
838,0.032444928
7804,0.5881398
5727,0.04449688
9405,0.7203388
1911,0.56397694
7248,0.026341883
6171,0.024656804
2097,0.65452665
9835,0.018226799
825,0.65592647
5848,0.022094557
2740,0.40045255
8424,0.074550465
877,0.64533615
4556,0.39067304
1751,0.6823518
6619,0.58585787
163,0.043131545
1545,0.0445512
106,0.5949488
2781,0.077257976
7721,0.072443165
8748,0.78628623
4647,0.09982202
2509,0.034135114
8373,0.6771203
6248,0.06907795
7405,0.021589985
5870,0.021516077
2406,0.02734524
8444,0.7541849
6307,0.03442409
4066,0.06928774
4156,0.062869504
3519,0.026954293
6181,0.024227364
258,0.032631442
4310,0.09572235
8923,0.3245789
6192,0.046335295
5059,0.57528
8782,0.8301889
2830,0.53408414
948,0.66101384
6401,0.07614923
4584,0.07898924
4827,0.019089716
2086,0.70747787
6206,0.051791172
9352,0.066732235
2079,0.7581702
5745,0.021806348
7461,0.026654478
8573,0.50230414
4013,0.6432353
1172,0.5190609
9563,0.023918146
9711,0.031237986
7855,0.083741084
1456,0.41064656
649,0.76973414
5476,0.49234554
7929,0.027466698
4810,0.052251693
3488,0.46537408
6302,0.46846735
4940,0.4852824
5293,0.49777165
9543,0.033097606
4860,0.060237177
6291,0.035736624
4225,0.02351968
4400,0.39685133
7501,0.07347849
9585,0.38715342
1611,0.5604137
3126,0.05205194
8818,0.7611041
5176,0.057426546
802,0.07450029
3508,0.09900005
9177,0.12718041
4410,0.04798903
2402,0.03308758
4948,0.048224077
9122,0.030946672
8230,0.052130442
2459,0.032151334
8171,0.07349193
8185,0.022136869
1434,0.080318324
2608,0.027910534
7407,0.11352174
5046,0.07116513
4593,0.023296453
4446,0.026200607
8026,0.08713691
6069,0.06853113
1134,0.67212564
2440,0.027783073
8931,0.13527861
7799,0.019184269
2110,0.7363611
1301,0.4729117
4653,0.27582082
5622,0.0336302
3772,0.04822154
1444,0.5269201
3172,0.027783073
2796,0.028796552
7433,0.034538984
4419,0.04093635
8586,0.595511
427,0.034537967
7256,0.3324571
952,0.60604626
2159,0.03004641
1041,0.63271016
4712,0.6574772
6130,0.024941565
2084,0.7787311
3675,0.044800274
5834,0.068855725
7933,0.40235278
9935,0.5469973
3040,0.087011196
8434,0.49463198
8954,0.070689484
3313,0.02926472
7689,0.7676586
6741,0.021517616
1857,0.696296
4685,0.035635643
7598,0.028045015
7605,0.048506018
7904,0.029966913
9594,0.49538818
3801,0.01924831
2244,0.6586261
8808,0.5737331
1411,0.096675575
9763,0.019612113
7555,0.13782676
5254,0.08334049
4024,0.08304353
7722,0.079005286
8873,0.62255317
4597,0.6041632
3713,0.02847675
7452,0.06715344
4011,0.64865315
4994,0.05423399
4050,0.021621555
9603,0.57120335
9127,0.12123742
3862,0.115067214
2302,0.58798546
2473,0.80657846
3520,0.05692788
5884,0.055688746
9572,0.17620414
7290,0.05329608
574,0.104464896
3232,0.05764896
7747,0.06761153
6537,0.08107925
7531,0.020784738
949,0.45699185
6463,0.024940046
6546,0.027248783
6981,0.4985066
9621,0.1114272
8161,0.64496934
1057,0.6249014
7993,0.024943031
1421,0.73253614
9094,0.2436838
8255,0.024980081
3867,0.07694568
795,0.5100924
8454,0.74516046
7941,0.060877543
1038,0.1034092
9389,0.09989487
1039,0.44390178
966,0.6807057
5898,0.021516077
9291,0.018568859
7346,0.07745603
4287,0.062000602
7114,0.23604052
4142,0.034226194
4873,0.04831195
3160,0.025175981
1888,0.69033885
9992,0.5885728
9411,0.043036427
479,0.08167695
5290,0.02495945
9501,0.027079226
1836,0.7691369
7315,0.022445327
1740,0.14192513
9490,0.067749366
7411,0.012835803
9770,0.017292978
8539,0.5310384
9173,0.038005132
2976,0.5437324
9081,0.1802963
9159,0.07621304
5457,0.48590142
2889,0.07125601
2908,0.026857613
6975,0.029018836
2232,0.13138483
9444,0.5824408
5387,0.07875547
5002,0.109792545
887,0.15203215
9999,0.58837134
2290,0.028134199
4078,0.030248292
8043,0.03359084
2204,0.12301019
8433,0.76484686
3037,0.042853165
8936,0.029793445
3734,0.03497532
5982,0.072472006
954,0.7095658
2460,0.2189011
4463,0.031231977
1544,0.51420885
9113,0.06495131
606,0.10113047
8507,0.032665472
4043,0.18335523
2993,0.085434884
5012,0.5161482
2273,0.021957181
2985,0.5398274
6849,0.6324509
621,0.64586407
4836,0.52757245
4931,0.18416433
987,0.436892
9676,0.48666242
2051,0.7460804
1658,0.58263916
9448,0.022773206
8224,0.5882751
7443,0.41822842
8119,0.48620582
1225,0.61147135
1707,0.5623893
5722,0.5365403
2208,0.52320766
925,0.61561424
8008,0.48235446
8992,0.031131577
3316,0.4725264
8898,0.56154984
655,0.68150336
2071,0.64066976
2552,0.6248152
2503,0.01940302
4496,0.5967257
1180,0.7421353
2871,0.03445225
2979,0.05173707
1704,0.5734836
2386,0.25597963
3084,0.05756099
16,0.21775949
7156,0.057410073
4585,0.11938621
3811,0.4053121
6816,0.06465088
6274,0.059148334
5737,0.4956741
8120,0.022985913
7926,0.050363928
5084,0.100242704
3585,0.41902068
9304,0.35929012
6988,0.11863927
8451,0.74563414
120,0.7669616
1873,0.68812585
8580,0.6322948
1621,0.124740176
7956,0.47147185
3244,0.030034706
4998,0.38543156
1821,0.72902745
6541,0.023041183
3219,0.05752171
4941,0.46846735
2211,0.5224237
9940,0.6498703
1415,0.3691373
1521,0.043519635
9363,0.019376509
2850,0.016605018
7668,0.0798097
1902,0.79189324
4473,0.07510418
2299,0.095460534
5418,0.02054156
7064,0.020183701
2140,0.5408041
5860,0.055840295
5981,0.123064786
3996,0.062452264
367,0.6395598
6655,0.047710583
9581,0.018583307
2036,0.7546515
5630,0.027907819
5749,0.63263124
7596,0.08082372
4292,0.4828436
3186,0.05604631
603,0.3092601
1129,0.14322509
3776,0.50896454
5336,0.11979856
5902,0.053513177
8738,0.647751
6189,0.049428888
7964,0.020993307
455,0.034508865
4012,0.03041111
5867,0.026402699
3591,0.05496713
9674,0.42985982
1841,0.7567038
5083,0.06901878
7571,0.3558888
3159,0.7257998
2270,0.4964263
7691,0.049951896
928,0.60640645
3913,0.47489855
697,0.63470936
7490,0.03985086
8926,0.40165505
2840,0.055741943
7639,0.034090444
4935,0.061375607
7376,0.053725354
3954,0.21801412
8528,0.559652
5342,0.026388256
4912,0.47035208
5582,0.05722032
9406,0.3424339
141,0.11227387
8999,0.59890115
2491,0.05616554
3325,0.05697567
6168,0.06914091
3184,0.051334336
9302,0.043594304
7963,0.07670484
8081,0.2645861
3285,0.025167918
8865,0.063143276
4932,0.60172325
5237,0.49745315
3877,0.60049766
5224,0.11224854
6449,0.060687296
6536,0.020032594
6688,0.02645677
665,0.67105573
6226,0.07980565
7178,0.058999013
1059,0.7694026
2206,0.024421975
6763,0.027583675
8867,0.0286191
6235,0.1412129
9387,0.08546699
7599,0.025972461
497,0.7719898
3803,0.0796592
2076,0.7516814
7611,0.6508616
9643,0.1288765
5882,0.047668893
1098,0.6342139
8476,0.7102804
2588,0.6078424
4544,0.12425383
40,0.63489056
3192,0.083774254
42,0.47396612
1143,0.7686466
9510,0.06890105
3393,0.025210146
8794,0.7640197
1019,0.6456217
7629,0.05950228
7125,0.0825156
9746,0.029285738
9189,0.54528075
8590,0.5773551
5664,0.05758044
3140,0.05604631
7334,0.03611271
6734,0.40994093
8277,0.07981412
145,0.076003335
7091,0.04516136
5520,0.021916395
132,0.5754211
9023,0.08127022
4119,0.022962185
9446,0.0261416
6315,0.03192081
4312,0.013446024
8138,0.07360298
5680,0.029251361
9274,0.029282775
9114,0.49728978
8810,0.5963523
4614,0.21333958
5571,0.10729889
7004,0.027395977
2803,0.065156154
2800,0.028239105
2417,0.07059041
8711,0.6435628
8115,0.47742808
8749,0.6506145
2006,0.7771414
4708,0.11029226
2843,0.015688695
1967,0.66795504
6454,0.07982925
9394,0.7148033
9064,0.6668413
8696,0.6951515
7797,0.022771897
4509,0.03811124
7572,0.021564407
7711,0.091081
5296,0.028994836
3820,0.020784738
4553,0.6202604
1736,0.109736495
6146,0.052054685
6022,0.47035208
1959,0.7305689
3919,0.5040436
21,0.6371995
8088,0.03820003
8747,0.64079946
3414,0.040231213
6542,0.42027962
4611,0.3390187
6114,0.069950275
8225,0.047342706
1003,0.6966762
6223,0.030136213
7875,0.09723359
4674,0.14277531
3531,0.7784263
8053,0.5136591
6014,0.08073772
4805,0.03686895
7393,0.031019986
7121,0.031494956
8843,0.48235446
9649,0.018148761
2549,0.028897516
9624,0.48522052
2377,0.05790075
1023,0.47675148
4567,0.4086826
9257,0.02584244
4872,0.07980565
9614,0.096015036
3863,0.060208622
4853,0.50118285
5817,0.02170858
1728,0.7489356
7115,0.023080716
1770,0.6990289
9517,0.09608095
3258,0.14748439
8368,0.030520685
6236,0.58252466
8625,0.5440745
7149,0.11817028
4335,0.089595124
8049,0.5269822
4003,0.5051636
9960,0.07600799
7839,0.04831195
8023,0.020330187
5452,0.06646341
2263,0.03119823
4185,0.39767978
7406,0.030873371
1069,0.6470977
5827,0.101569295
4880,0.021516077
1758,0.6781597
9457,0.043036427
1450,0.1039938
1365,0.6633489
595,0.67156553
4670,0.039462615
6035,0.02426156
9084,0.6694041
6806,0.12283333
1436,0.105788164
6965,0.40994093
6843,0.04916817
2189,0.05790075
8330,0.061819904
6465,0.08174533
9283,0.07132491
676,0.66923255
6436,0.075201966
9704,0.017367404
2423,0.06753698
1148,0.53095216
5992,0.093130976
6553,0.051576987
5740,0.051621426
5433,0.050222382
5766,0.034239113
8317,0.04944732
2275,0.52131236
3942,0.6179577
9397,0.3604524
8363,0.029622184
3226,0.6246088
9790,0.043086167
1741,0.31546655
2832,0.057564262
8560,0.7053639
1810,0.7614397
3489,0.055840295
7953,0.48991346
664,0.7030268
3671,0.6175419
9254,0.4872821
9547,0.57209045
7224,0.055741943
5404,0.7912958
5583,0.10170804
8661,0.6515369
9058,0.56154984
7858,0.050125744
9440,0.017292978
8607,0.47529656
5995,0.023554256
985,0.66934955
922,0.5534223
160,0.14319207
9333,0.03296895
4628,0.03416078
4455,0.02307558
8714,0.7611041
1344,0.035141215
3950,0.05636232
4057,0.038046494
1800,0.46243298
1928,0.66684073
9227,0.05442664
8840,0.59477484
3558,0.049297594
5013,0.093244724
5478,0.035736624
8614,0.6015075
9665,0.36133933
9318,0.023424787
7545,0.05089036
6851,0.057677437
492,0.3131725
5494,0.023284143
3893,0.04866956
35,0.6903292
5638,0.025702918
5306,0.12392913
1563,0.4589167
5926,0.31708777
7419,0.06417426
20,0.6198591
1270,0.6930201
2026,0.63217515
5339,0.6632912
8972,0.024371358
9217,0.6156819
4412,0.02922976
6601,0.05597429
4577,0.090056375
8126,0.30356595
9555,0.02281599
2511,0.054070562
4882,0.07537946
6459,0.034239113
7768,0.019565007
9097,0.07763423
4282,0.028167948
1071,0.68684626
3295,0.022446819
4265,0.023222875
1435,0.50975317
8409,0.61869276
6039,0.025225628
5758,0.50118285
7602,0.01757182
2569,0.09299619
10,0.31120455
8556,0.5851271
5023,0.050125744
3625,0.17491543
5531,0.059351742
8349,0.037814595
1317,0.5157069
7849,0.026315797
5635,0.061405748
4917,0.012481058
8268,0.031033712
7713,0.02161454
8296,0.02291412
5983,0.013260049
9794,0.26341224
379,0.7429541
4047,0.020510226
9698,0.34258598
6613,0.20598833
7758,0.019089716
5685,0.05939674
7724,0.04620637
3977,0.020784738
4210,0.052597888
5742,0.023790054
5736,0.036805812
4516,0.48235446
3777,0.49560475
1912,0.559173
8176,0.06936708
9216,0.033589404
7548,0.049060974
8187,0.021621555
5340,0.5176104
6583,0.030870985
46,0.035894908
1410,0.15886611
4659,0.017374247
9478,0.09394574
3978,0.08136401
9044,0.72723377
3816,0.041680433
2372,0.029882872
2536,0.041680433
2055,0.7854924
3635,0.02307558
9236,0.0286191
5109,0.020601733
6477,0.5064523
5556,0.07305736
2181,0.04048768
8673,0.501322
5019,0.605569
5535,0.0506122
3900,0.08468492
9230,0.66872054
7911,0.5617461
9427,0.043036427
3310,0.037629515
4216,0.030926425
8339,0.49560475
2011,0.6918831
7320,0.05692788
5239,0.101786174
872,0.45401174
9584,0.3604524
4209,0.6027095
1854,0.53477734
2378,0.7013412
179,0.07588571
9429,0.02807758
3469,0.5255576
4042,0.47035208
9407,0.044508282
9214,0.082424216
4258,0.39769658
6478,0.09604505
4768,0.56775814
3377,0.3954125
6991,0.097730115
6834,0.067671604
6102,0.03179133
3937,0.54898274
9098,0.6390424
1913,0.6898163
6858,0.4964947
100,0.6072046
6344,0.057975836
8517,0.40136358
1234,0.26387182
9049,0.5189389
4640,0.12027969
1383,0.6663293
1285,0.7101524
6339,0.50118285
7943,0.60132307
1766,0.67161256
4307,0.0210141
168,0.5985994
7734,0.028811181
623,0.2299538
7897,0.01278027
8623,0.5800011
5989,0.023913393
7788,0.07783227
6422,0.041680433
5705,0.02493528
9455,0.017754743
3005,0.04789942
5837,0.021806348
3499,0.042300534
1989,0.73155093
143,0.6688586
9922,0.51392114
7329,0.050208133
878,0.6329145
7446,0.014353313
8538,0.51688933
9418,0.044400062
7767,0.573338
3181,0.63089144
7805,0.50118285
7473,0.08509398
1407,0.6680965
4554,0.023296453
8518,0.3954125
5105,0.033441767
1236,0.036206126
9675,0.050460406
8700,0.7567914
9054,0.087178074
3696,0.052770793
3155,0.057575192
8009,0.09425545
9211,0.1143045
7990,0.51907045
7099,0.06715344
5652,0.024797775
8251,0.030493725
38,0.63758093
3968,0.019089716
4835,0.49560475
1874,0.68782485
4696,0.1257428
3436,0.019184269
5690,0.39647767
4784,0.63633573
5251,0.114121035
3607,0.020817889
4244,0.595511
994,0.62755984
4235,0.019491157
3003,0.013181189
3751,0.07350011
857,0.5350652
6745,0.022572804
4558,0.11938621
3498,0.074292354
544,0.36924225
3771,0.6123598
2346,0.05514751
4679,0.03803025
2799,0.06715344
3300,0.61327875
4759,0.21031822
8307,0.0837356
5942,0.03190474
5573,0.023179611
8860,0.06491915
6354,0.034005094
6199,0.07982925
1379,0.696234
6897,0.034077197
276,0.4492753
6342,0.019431805
6368,0.057528444
8814,0.6295815
2866,0.03455563
8462,0.6367612
9144,0.562639
7083,0.02170858
4159,0.42632177
791,0.64909565
8716,0.7570338
7366,0.08867984
8338,0.6722122
89,0.62927663
7506,0.07430703
8266,0.624579
2361,0.5905142
3564,0.023557128
7812,0.026489269
8775,0.81067866
2787,0.09735762
9880,0.040945843
7130,0.035166547
6587,0.026341883
176,0.04831423
5624,0.029545845
2021,0.6229818
7467,0.101232044
8112,0.47116962
2133,0.6506719
5513,0.042234298
8413,0.7133171
1017,0.098920465
421,0.15028867
6874,0.073412225
1036,0.6644347
6987,0.11488786
8170,0.024227364
9876,0.020350527
1670,0.6141948
6644,0.09760602
7585,0.13934943
3191,0.059903856
4725,0.19442795
1118,0.6720055
748,0.7376499
4622,0.06586198
4733,0.04263774
6012,0.038141355
6778,0.108444974
5122,0.04022333
270,0.72553396
6212,0.024980081
4188,0.08652955
8595,0.5723296
3909,0.022771897
9721,0.03703238
7524,0.07813182
9458,0.028389547
1165,0.48315698
7718,0.040513713
9371,0.5815134
9753,0.07986431
2310,0.553931
8202,0.10050243
3514,0.57463956
6078,0.04941059
1005,0.52613884
2432,0.03180449
6632,0.51239866
4542,0.56261784
9619,0.11412974
8141,0.08099586
9096,0.028936248
6388,0.03163723
2812,0.05697855
2929,0.06404362
909,0.10687639
894,0.5090576
6578,0.07573103
4971,0.050673027
8766,0.035080016
4938,0.030468207
5227,0.024399005
8893,0.47698325
2436,0.060266215
6832,0.029622184
3336,0.21214859
173,0.61962277
7573,0.05395551
434,0.04118613
3620,0.030248292
9441,0.48440132
9476,0.42862377
7266,0.085560225
4995,0.59397364
7515,0.065587975
2858,0.04516136
9219,0.14576566
4023,0.122111574
4468,0.48235446
8379,0.019124975
2531,0.056133408
316,0.077729605
7840,0.11288732
1679,0.6416923
7201,0.32421148
9592,0.04585364
1511,0.42367023
6494,0.054778114
405,0.6681751
7342,0.05753513
3810,0.052196212
5928,0.024227364
4618,0.59687966
1982,0.6159305
9370,0.079181686
1470,0.6148976
3426,0.026988875
1282,0.035841566
6953,0.12931512
6091,0.054697677
6483,0.10284292
6692,0.030715924
6800,0.06753312
8567,0.50876653
789,0.3331995
5516,0.050767105
7195,0.028882412
5356,0.5976117
4353,0.073927425
3718,0.09550176
7717,0.025857227
6252,0.06796801
9741,0.0678713
598,0.7085635
538,0.023393914
4366,0.08151654
9402,0.5739553
5699,0.020032594
8482,0.6967953
8423,0.68394965
7847,0.11810201
841,0.57270706
2005,0.703629
8470,0.63183874
8280,0.06719467
9107,0.062618986
5532,0.4852824
8983,0.63538873
3000,0.56525105
4423,0.39042237
1351,0.45733017
5415,0.069135435
6549,0.14425257
1922,0.6569614
3789,0.08560801
6334,0.044408135
4561,0.02570199
7059,0.06072361
1294,0.7687854
7504,0.0945512
1749,0.7029033
4191,0.021941371
6160,0.3954125
6918,0.57517576
2576,0.038406502
1110,0.501169
78,0.070277974
2961,0.07749708
7066,0.05596314
695,0.081868164
9073,0.049339864
1146,0.763569
1458,0.76165086
9349,0.042154428
6333,0.019184269
6032,0.018274164
9311,0.3604524
9019,0.083728895
1491,0.115844525
4123,0.020032594
8002,0.7165161
4996,0.028048564
3319,0.052699104
4898,0.07005062
4605,0.08829751
764,0.7292494
5045,0.5453311
4907,0.49463198
1962,0.72027016
4358,0.40227175
5267,0.57766527
6338,0.026341883
4511,0.011408665
5515,0.49047893
8998,0.21180966
6140,0.06692981
230,0.08607736
4213,0.038790323
400,0.04851648
5777,0.017004883
7299,0.086650915
8991,0.047337513
36,0.6748743
5079,0.034218293
2480,0.32360885
247,0.03374872
9119,0.14300251
1684,0.6995354
6989,0.07402846
4367,0.5136591
8988,0.29482764
4275,0.023054425
5536,0.05481477
3378,0.026073657
3233,0.02170858
7369,0.017045949
5802,0.050125744
2498,0.07279221
6551,0.056740038
9001,0.047293063
6878,0.031888947
8114,0.05459814
7223,0.07527086
3216,0.05840838
7280,0.065848365
8847,0.021076404
5820,0.07980565
8261,0.05874956
9671,0.017367404
8622,0.6621052
2877,0.10776607
4728,0.084724925
3359,0.05939674
3418,0.025444046
7633,0.0404521
5363,0.62132907
3150,0.14218532
2802,0.08889233
6138,0.051688712
6522,0.030420396
2355,0.096740164
1562,0.44883478
1905,0.47261503
3785,0.038622763
6029,0.47257257
5207,0.60049766
8076,0.08136086
9221,0.07834813
6362,0.12296299
5481,0.020032594
9029,0.10442273
9368,0.42862377
252,0.09340828
1677,0.63995165
5378,0.025849236
5364,0.6286931
6462,0.026296569
216,0.49743325
1645,0.7310004
415,0.048395693
2829,0.06713011
5892,0.024871722
6685,0.12491521
6914,0.0771075
1352,0.033717897
3072,0.44345632
3515,0.02167367
9392,0.49087453
6475,0.019818788
5123,0.06642354
3082,0.05616554
916,0.49692106
4702,0.018013556
6073,0.052734576
6366,0.4236723
9616,0.022532687
5204,0.020815188
7746,0.03948922
8467,0.57278633
7786,0.04366206
6311,0.041534357
9,0.61176485
4143,0.109727345
7089,0.06715344
817,0.45250148
9970,0.5527077
2875,0.017408269
4689,0.15889719
7190,0.34848616
6860,0.8135008
7856,0.023779852
7113,0.052130442
2953,0.52524894
3677,0.40994093
54,0.65353346
8613,0.47035208
3834,0.3954125
28,0.56775814
6740,0.021841772
7692,0.02442768
7048,0.025317417
1153,0.7098011
1739,0.75185925
3798,0.05184027
4879,0.030924227
7700,0.09312342
8056,0.36932752
5900,0.05874956
9495,0.020177096
3229,0.030073412
7980,0.058771346
2019,0.70083666
4592,0.5757979
5819,0.052699104
6903,0.07955579
5242,0.025990551
8506,0.52464586
3814,0.121498555
3253,0.5881647
9907,0.044692535
6676,0.76567197
9511,0.037913162
774,0.75806695
7984,0.021007832
9943,0.66288406
5032,0.07807158
4447,0.6165856
5273,0.037695743
9350,0.095702045
6424,0.056510217
3688,0.03799203
4508,0.07003138
3551,0.5274424
4437,0.025256032
4846,0.48738492
605,0.6796041
292,0.16190103
4083,0.078768164
265,0.67693615
2010,0.6954128
6961,0.40994093
7832,0.09096863
8287,0.03364261
2913,0.6006442
1584,0.34335274
3483,0.46721125
6065,0.053335693
3898,0.4849532
3821,0.028910184
3199,0.03088034
9559,0.5862424
5958,0.10719507
9364,0.055157844
5922,0.022435682
818,0.41280228
9608,0.2924288
4681,0.65547854
3068,0.6012336
9622,0.09195463
9315,0.4928005
9317,0.04866123
2023,0.7565837
5654,0.025972461
6683,0.038034648
9252,0.624317
9609,0.57283545
2998,0.11861961
6669,0.057251386
5890,0.069835894
9186,0.028414488
4939,0.080015235
1357,0.5046599
2180,0.02746967
2484,0.057272177
2586,0.082568295
1682,0.08588067
4977,0.074292354
590,0.6861794
2938,0.6197429
5789,0.6389188
4321,0.72892475
1175,0.7269351
8455,0.7555642
7101,0.07254502
4915,0.025210146
7388,0.6583181
3879,0.30691236
8092,0.28227797
9071,0.54527205
2249,0.03370269
5746,0.046014152
7253,0.06519368
7888,0.07868914
3659,0.07873219
5358,0.04273834
9086,0.11591324
8392,0.6178045
8906,0.45648646
1808,0.7524405
8680,0.47035208
5895,0.08035821
6701,0.019184269
812,0.50844324
5569,0.07831634
5305,0.5781939
7404,0.056168295
7385,0.05319684
5377,0.037635386
4600,0.08393042
2526,0.76631296
2779,0.028897516
6901,0.6318595
3301,0.028038608
2681,0.050361592
8917,0.06057929
6677,0.8321602
1578,0.7126333
4578,0.027510248
9150,0.5466385
8438,0.76385254
2572,0.03422866
9869,0.4854929
7516,0.02476557
2563,0.021283513
2700,0.033123426
2567,0.028831761
3114,0.23767285
5876,0.069289446
3078,0.104423374
1131,0.69638395
8616,0.5206389
8522,0.3170955
2622,0.030983409
6173,0.5033483
3456,0.04994233
9454,0.017292978
6579,0.020118566
865,0.50763017
7154,0.02096059
7908,0.1200707
2940,0.041392863
907,0.09139622
9265,0.037059113
5793,0.030235993
1921,0.66709787
8348,0.023028225
1117,0.5499365
4847,0.022985913
3533,0.08001098
8181,0.094899826
2688,0.028411323
5910,0.11684108
1394,0.788693
5447,0.51927316
6443,0.12091873
567,0.036067355
8103,0.031460367
3567,0.09373042
1056,0.09600231
8950,0.062078405
2407,0.02442768
7673,0.025690751
8011,0.020621639
4884,0.10079492
8968,0.053090908
201,0.13101381
1894,0.6208
4946,0.47257257
1708,0.6343006
1124,0.7075843
4076,0.1505079
927,0.036394857
288,0.7498115
6597,0.022053223
1163,0.68686604
2139,0.71699464
6706,0.535977
180,0.5530878
3526,0.05368005
4520,0.65199053
9928,0.48666242
7697,0.013753777
7395,0.016449958
5166,0.058585986
711,0.71820086
1002,0.03720796
9534,0.21600603
8229,0.5310384
399,0.06478785
221,0.047502372
1788,0.23655143
8313,0.41996834
104,0.49463198
2003,0.7019366
4625,0.55979687
4892,0.394207
2292,0.063680515
1095,0.65099514
9103,0.5335737
7815,0.03607139
503,0.39766854
6409,0.065946415
5723,0.06700516
8836,0.629091
3261,0.09942254
4346,0.45070955
7032,0.058586363
935,0.19847824
618,0.034739677
8557,0.5432703
7958,0.020118566
3887,0.561094
60,0.04816761
1490,0.55720496
4371,0.07332875
4878,0.6976128
8145,0.022705354
8759,0.76308495
8425,0.13668638
8908,0.08133087
5510,0.52548116
3555,0.4660366
8612,0.6037391
456,0.04203043
686,0.5873992
8376,0.66132325
275,0.7889
4440,0.025918366
5944,0.030520685
360,0.7585362
9830,0.115880065
933,0.573028
2301,0.101373896
2725,0.055984206
4434,0.02315703
5244,0.6458367
8768,0.5283403
9145,0.033221394
712,0.6213971
9634,0.78544784
7230,0.042639248
8943,0.037954528
5036,0.41253167
1251,0.6612627
807,0.63991153
8191,0.03985086
2896,0.02771263
7566,0.1215556
1343,0.5466895
8929,0.09552021
9451,0.019813735
7526,0.085566536
264,0.7187881
5871,0.03132415
6280,0.026116664
1403,0.58330667
8888,0.047925696
9788,0.024818677
1203,0.11688239
3562,0.6622846
1414,0.1794138
2239,0.059987817
4373,0.11019554
9474,0.4585313
741,0.76690966
3791,0.046708353
5971,0.024592778
3638,0.01924831
7857,0.025427101
2943,0.054301154
4344,0.08273081
8257,0.02472925
4452,0.029971948
7141,0.07156057
5301,0.6199967
3528,0.052251693
577,0.49567726
2709,0.32336316
2245,0.07059041
1376,0.095315665
5284,0.030747848
1280,0.09605074
4148,0.52647233
3059,0.057338882
8921,0.070782214
55,0.027656404
5135,0.0723307
4517,0.73015195
6877,0.40029967
4771,0.07664132
1468,0.28903326
7303,0.074413866
1777,0.039117105
7777,0.025208617
584,0.094326526
7762,0.08920299
6750,0.062452264
7325,0.063680515
7896,0.062248662
284,0.70058334
8549,0.56465364
3296,0.71915716
9755,0.022473138
144,0.07022655
2609,0.13672319
8620,0.6573088
9669,0.040213034
5626,0.11083538
3430,0.10649774
3652,0.06907129
9055,0.03140679
6791,0.060687296
4034,0.5048117
2445,0.047551684
7180,0.066667475
3617,0.02075128
6881,0.13068397
418,0.73041785
8903,0.03654248
8806,0.4852824
9102,0.59400433
2246,0.071027026
290,0.7307834
3104,0.056904987
7775,0.07492877
4000,0.51247984
8866,0.06332517
4320,0.1200707
8892,0.03679125
8359,0.5937623
9238,0.033454955
997,0.55409014
3167,0.3765866
7922,0.05686091
1445,0.6015949
5589,0.056465898
296,0.11799513
7082,0.074413866
6524,0.030420396
8227,0.5246892
9345,0.032899275
1825,0.74975693
1311,0.04633082
300,0.025665693
770,0.6943492
4,0.107656814
7546,0.59843725
8513,0.2901557
926,0.544732
325,0.6111474
5830,0.040296182
7035,0.013267862
2441,0.0734375
7179,0.028045015
9599,0.4715507
9533,0.57790494
6103,0.05206514
8879,0.05626399
7665,0.7202283
4850,0.49051425
989,0.6622896
2868,0.012835803
9994,0.5483928
8090,0.028042493
5357,0.07985174
896,0.38391408
6165,0.051593177
3932,0.5208902
251,0.65565145
8133,0.5144426
3727,0.12147191
2061,0.7069745
2690,0.051211797
5463,0.044928625
7983,0.7013279
1785,0.120662324
2115,0.6928768
586,0.10267639
3818,0.119835764
256,0.22226457
727,0.043314345
4126,0.4764014
6709,0.50512457
4803,0.026517773
7449,0.19551876
8626,0.62121373
6151,0.05486514
7161,0.033058554
4512,0.08761654
2977,0.079948455
2790,0.51983434
1954,0.6422246
9904,0.017292978
8005,0.44522774
6735,0.027466698
7278,0.548317
4732,0.31419882
5052,0.6479835
1869,0.68844306
6204,0.023965932
4182,0.58921814
9074,0.13032801
9294,0.095702045
7122,0.025536483
2823,0.04822189
3467,0.39767978
7056,0.1234833
4421,0.04683609
5258,0.11038501
4161,0.1072194
8715,0.7796007
863,0.2806201
1350,0.49468213
446,0.3902545
2353,0.08136838
5581,0.08069689
2156,0.043737374
4207,0.019862594
7399,0.038269375
792,0.43898854
7688,0.07026951
5986,0.34153274
2512,0.09149306
3403,0.0747954
277,0.036411457
4624,0.45113528
8305,0.3510966
6904,0.12968156
9426,0.03570617
1941,0.73331404
1115,0.5628044
4009,0.04620637
8134,0.033958595
7772,0.3918774
4580,0.026349626
8256,0.16108054
6300,0.04842251
2288,0.044791847
5541,0.073564954
9259,0.08517621
3477,0.05486514
6406,0.13056517
